2g1c,
2girls1cup,
4r5e,
5h1t,
5hit,
a55,
a55hole,
a_s_s,
acrotomophilia,
aeolus,
ahole,
alabamahotpocket,
alaskanpipeline,
anal,
analprobe,
anilingus,
anus,
ar5e,
areola,
areole,
arian,
arrse,
arse,
arsehole,
aryan,
ass,
ass-fucker,
ass_lick,
assbang,
assbanged,
assbangs,
asses,
assfuck,
assfucker,
assfukka,
assh0le,
asshat,
assho1e,
asshole,
assholes,
asskisser,
assmaster,
assmunch,
asswhole,
asswipe,
asswipes,
autoerotic,
azazel,
azz,
b00bs,
b17ch,
b1tch,
babe,
babeland,
babes,
babybatter,
babyjuice,
ballbag,
ballgag,
ballgravy,
ballkicking,
balllicking,
balls,
ballsack,
ballsucking,
bang,
bangbros,
banger,
bareback,
barelylegal,
barenaked,
barf,
bastard,
bastardo,
bastards,
bastinado,
bawdy,
bbw,
bdsm,
beaner,
beardedclam,
beastial,
beastiality,
beastility,
beatch,
beater,
beaver,
beavercleaver,
beaverlips,
beer,
beeyotch,
bellend,
belly whacker,
beotch,
bestial,
bestiality,
biatch,
bich,
bicurious,
bigblack,
bigbreasts,
bigknockers,
bigtits,
bimbo,
bimbos,
birdlock,
bitch,
bitched,
bitcher,
bitchers,
bitches,
bitchin,
bitching,
bitchy,
blackcock,
blondeaction,
blondeonblondeaction,
bloody,
blow job,
blow,
blowjob,
blowjobs,
blowyourload,
bluewaffle,
blumpkin,
bod,
bodily,
boink,
boiolas,
bollock,
bollocks,
bollok,
bondage,
bone,
boned,
bonehead,
boner,
boners,
bong,
boob,
boobies,
boobs,
booby,
booger,
bookie,
booobs,
boooobs,
booooobs,
booooooobs,
bootee,
bootie,
booty,
bootycall,
booze,
boozer,
boozy,
bosom,
bosomy,
bowel,
bowels,
bra,
brassiere,
breast,
breasts,
brown eye,
browneye,
brownshowers,
browntown,
brunetteaction,
btch,
buceta,
bucket cunt,
bugger,
bukkake,
bull shit,
bulldyke,
bulletvibe,
bullshit,
bullshits,
bullshitted,
bullturds,
bum,
bung hole,
bung,
bunghole,
bunnyfucker,
busty,
butch,
butt breath,
butt fucker,
butt hair,
butt,
buttcheeks,
buttface,
buttfuck,
buttfucker,
butthead,
butthole,
buttmuch,
buttpicker,
buttplug,
c-0-c-k,
c-o-c-k,
c-u-n-t,
c.0.c.k,
c.o.c.k.,
c.u.n.t,
c0ck,
c0cksucker,
caca,
cahone,
cameltoe,
camgirl,
camslut,
camwhore,
carpetmuncher,
cawk,
cervix,
chinc,
chincs,
chink,
chocolaterosebuds,
chode,
chodes,
cipa,
circle jerk,
circlejerk,
cl1t,
clam,
clevelandsteamer,
climax,
clit,
clitoris,
clitorus,
clits,
clitty,
cloverclamps,
clusterfuck,
cnut,
cobia,
cocain,
cocaine,
cock,
cock-sucker,
cockblock,
cockface,
cockhead,
cockholster,
cockknocker,
cockmunch,
cockmuncher,
cocks,
cocksmoker,
cocksuck,
cocksucked,
cocksucker,
cocksucking,
cocksucks,
cocksuka,
cocksukka,
coital,
cok,
cokmuncher,
coksucka,
commie,
condom,
coon,
coons,
cooter,
coprolagnia,
coprophilia,
corksucker,
cornhole,
cox,
crabs,
crack,
cracker,
crackwhore,
crap,
crappy,
creampie,
cum,
cummer,
cummin,
cumming,
cums,
cumshot,
cumshots,
cumslut,
cumstain,
cunilingus,
cunillingus,
cunnilingus,
cunny,
cunt,
cuntface,
cunthunter,
cuntlick,
cuntlicker,
cuntlicking,
cunts,
cyalis,
cyberfuc,
cyberfuck,
cyberfucked,
cyberfucker,
cyberfuckers,
cyberfucking,
d0ng,
d0uch3,
d0uche,
d1ck,
d1ld0,
d1ldo,
dago,
dagos,
dammit,
damn,
damned,
damnit,
darkie,
daterape,
dawgie-style,
deepthroat,
dendrophilia,
dick,
dick-ish,
dickbag,
dickdipper,
dickface,
dickflipper,
dickhead,
dickheads,
dickish,
dickripper,
dicksipper,
dickweed,
dickwhipper,
dickzipper,
diddle,
dike,
dildo,
dildos,
diligaf,
dillweed,
dimwit,
dingle,
dink,
dinks,
dipship,
dipshit,
dirsa,
dirtypillows,
dirtysanchez,
dlck,
dog-fucker,
doggie-style,
doggiestyle,
doggin,
dogging,
doggy-style,
doggystyle,
dogstyle,
dolcett,
domination,
dominatrix,
dommes,
dong,
donkeypunch,
donkeyribber,
doofus,
doosh,
dopey,
doubledong,
doublepenetration,
douch3,
douche bag,
douche,
douchebag,
douchebags,
douchey,
dpaction,
drunk,
dryhump,
duche,
dumass,
dumbass,
dumbasses,
dummy,
dvda,
dyke,
dykes,
eatmyass,
ecchi,
ejaculate,
ejaculated,
ejaculates,
ejaculating,
ejaculatings,
ejaculation,
ejakulate,
enlargement,
erect,
erection,
erotic,
erotism,
escort,
essohbee,
ethicalslut,
eunuch,
extacy,
extasy,
f-u-c-k,
f.u.c.k,
f4nny,
f_u_c_k,
fack,
fag,
fagg,
fagged,
fagget,
fagging,
faggit,
faggitt,
faggot,
faggs,
fagot,
fagots,
fags,
faig,
faigt,
fanny,
fannybandit,
fannyflaps,
fannyfucker,
fanyy,
fart,
farted,
farting,
fartings,
fartknocker,
farts,
farty,
fat,
fatass,
fatso,
fcuk,
fcuker,
fcuking,
fecal,
feck,
fecker,
felatio,
felch,
felcher,
felching,
fellate,
fellatio,
feltch,
feltcher,
femalesquirting,
femdom,
figging,
fingerbang,
fingerfuck,
fingerfucked,
fingerfucker,
fingerfuckers,
fingerfucking,
fingerfucks,
fingering,
fisted,
fistfuck,
fistfucked,
fistfucker,
fistfuckers,
fistfucking,
fistfuckings,
fistfucks,
fisting,
fisty,
flange,
floozy,
foad,
fondle,
foobar,
fook,
fooker,
footfetish,
footjob,
foreskin,
freex,
frigg,
frigga,
frotting,
fubar,
fuck,
fuck-tard,
fucka,
fuckass,
fuckbuttons,
fucked,
fucker,
fuckers,
fuckface,
fuckhead,
fuckheads,
fuckin,
fucking,
fuckings,
fuckingshitmotherfucker,
fuckme,
fucknugget,
fucknut,
fuckoff,
fucks,
fucktard,
fuckup,
fuckwad,
fuckwhit,
fuckwit,
fudgepacker,
fuk,
fuker,
fukker,
fukkin,
fuks,
fukwhit,
fukwit,
furburger,
futanari,
fux,
fux0r,
fvck,
fxck,
g-spot,
gae,
gai,
gangbang,
gangbanged,
gangbangs,
ganja,
gay,
gaylord,
gays,
gaysex,
gazongers,
genitals,
gey,
gfy,
ghay,
ghey,
giantcock,
gigolo,
girlon,
girlontop,
girlsgonewild,
glans,
goatcx,
goatse,
God,
god-dam,
god-damned,
godamn,
godamnit,
goddam,
goddammit,
Goddamn,
goddamn,
goddamned,
gokkun,
goldenshower,
gonad,
gonads,
goodpoop,
googirl,
gook,
gooks,
goregasm,
gringo,
grope,
groupsex,
gspot,
gtfo,
guido,
guinne,
guro,
h0m0,
h0mo,
handjob,
hard on,
hardcore,
hardcoresex,
hardon,
he11,
hebe,
heeb,
hell,
hemp,
hentai,
heroin,
herp,
herpes,
herpy,
heshe,
hitler,
hiv,
hoar,
hoare,
hobag,
hoer,
hom0,
homey,
homo,
homoerotic,
homoey,
honkey,
honky,
hooch,
hookah,
hooker,
hoor,
hootch,
hooter,
hooters,
hore,
horniest,
horny,
hotcarl,
hotchick,
hotsex,
howtokill,
howtomurder,
hugefat,
hump,
humped,
humping,
hussy,
hymen,
inbred,
incest,
injun,
intercourse,
j3rk0ff,
jack off,
jack-off,
jackass,
jackhole,
jacking off,
jackoff,
jailbait,
jap,
japs,
jellydonut,
jerk,
jerk-off,
jerk0ff,
jerked,
jerkoff,
jigaboo,
jiggaboo,
jiggerboo,
jism,
jiz,
jizm,
jizz,
jizzed,
juggs,
junkie,
junky,
kawk,
kike,
kikes,
kill,
kinbaku,
kinkster,
kinky,
kkk,
klan,
knob,
knobbing,
knobead,
knobed,
knobend,
knobhead,
knobjocky,
knobjokey,
kock,
kondum,
kondums,
kooch,
kooches,
kootch,
kraut,
kum,
kummer,
kumming,
kums,
kunilingus,
kyke,
l3ich,
l3itch,
labia,
leatherrestraint,
leatherstraightjacket,
lech,
lemonparty,
leper,
lesbian,
lesbians,
lesbo,
lesbos,
lez,
lezbian,
lezbians,
lezbo,
lezbos,
lezzie,
lezzies,
lezzy,
lmao,
lmfao,
loin,
loins,
lolita,
lovemaking,
lube,
lust,
lusting,
lusty,
m-fucking,
m0f0,
m0fo,
m45terbate,
ma5terb8,
ma5terbate,
makemecome,
malesquirting,
mams,
masochist,
massa,
master-bate,
masterb8,
masterbat,
masterbat3,
masterbate,
masterbating,
masterbation,
masterbations,
masturbate,
masturbating,
masturbation,
maxi,
menageatrois,
menses,
menstruate,
menstruation,
merde,
meth,
mick,
milf,
missionaryposition,
mo-fo,
mof0,
mofo,
molest,
moolie,
moron,
mothafuck,
mothafucka,
mothafuckas,
mothafuckaz,
mothafucked,
mothafucker,
mothafuckers,
mothafuckin,
mothafucking,
mothafuckings,
mothafucks,
motherfuck,
motherfucka,
motherfucked,
motherfucker,
motherfuckers,
motherfuckin,
motherfucking,
motherfuckings,
motherfuckka,
motherfucks,
moundofvenus,
mrhands,
mtherfucker,
mthrfucker,
mthrfucking,
muff,
muffdiver,
muffdiving,
murder,
mutha,
muthafecker,
muthafuckaz,
muthafucker,
muthafuckker,
muther,
mutherfucker,
mutherfucking,
muthrfucking,
n1gga,
n1gger,
nad,
nads,
naked,
nambla,
napalm,
nappy,
nawashi,
nazi,
nazism,
negro,
neonazi,
nigg3r,
nigg4h,
nigga,
niggah,
niggas,
niggaz,
nigger,
niggers,
niggle,
niglet,
nignog,
nimphomania,
nimrod,
ninny,
nipple,
nipples,
nob,
nobhead,
nobjocky,
nobjokey,
nooky,
nsfwimages,
nude,
nudity,
numbnuts,
nutsack,
nympho,
nymphomania,
octopussy,
omg,
omorashi,
onecuptwogirls,
oneguyonejar,
opiate,
opium,
oral,
orally,
organ,
orgasim,
orgasims,
orgasm,
orgasmic,
orgasms,
orgies,
orgy,
ovary,
ovum,
ovums,
p.u.s.s.y.,
p0rn,
paddy,
paedophile,
paki,
pantie,
panties,
panty,
pastie,
pasty,
pawn,
pcp,
pecker,
pedo,
pedobear,
pedophile,
pedophilia,
pedophiliac,
pee,
peepee,
pegging,
penetrate,
penetration,
penial,
penile,
penis,
penisfucker,
perversion,
peyote,
phalli,
phallic,
phonesex,
phuck,
phuk,
phuked,
phuking,
phukked,
phukking,
phuks,
phuq,
pieceofshit,
pigfucker,
pillowbiter,
pimp,
pimpis,
pinko,
piss,
piss-off,
pissed,
pisser,
pissers,
pisses,
pissflaps,
pissin,
pissing,
pissoff,
pisspig,
pissrr,
playboy,
pleasurechest,
pms,
polack,
polesmoker,
pollock,
ponyplay,
poof,
poon,
poontang,
poop,
poopchute,
porn,
porno,
pornography,
pornos,
pot,
potty,
prick,
pricks,
prig,
princealbertpiercing,
pron,
prostitute,
prude,
pthc,
pube,
pubes,
pubic,
pubis,
punany,
punkass,
punky,
puss,
pusse,
pussi,
pussies,
pussy,
pussypounder,
pussys,
puto,
queaf,
queef,
queer,
queero,
queers,
quicky,
quim,
r-tard,
racy,
raghead,
ragingboner,
rape,
raped,
raper,
raping,
rapist,
raunch,
rectal,
rectum,
rectus,
reefer,
reetard,
reich,
retard,
retarded,
reversecowgirl,
revue,
rimjaw,
rimjob,
rimming,
ritard,
rosypalm,
rosypalmandher5sisters,
rtard,
rum,
rump,
rumprammer,
ruski,
rustytrombone,
s-h-1-t,
s-h-i-t,
s-o-b,
s.h.i.t.,
s.o.b.,
s0b,
s_h_i_t,
sadism,
sadist,
santorum,
scag,
scantily,
scat,
schizo,
schlong,
scissoring,
screw,
screwed,
screwing,
scroat,
scrog,
scrot,
scrote,
scrotum,
scrud,
scum,
seaman,
seamen,
seduce,
semen,
sex,
sexo,
sexual,
sexy,
sh,
sh1t,
shag,
shagger,
shaggin,
shagging,
shamedame,
shavedbeaver,
shavedpussy,
sheister,
shemale,
shi,
shibari,
shit,
shitdick,
shite,
shiteater,
shited,
shitey,
shitface,
shitfuck,
shitfull,
shithead,
shithole,
shithouse,
shiting,
shitings,
shits,
shitt,
shitted,
shitter,
shitters,
shitting,
shittings,
shitty,
shiz,
shota,
shrimping,
sht,
sissy,
skag,
skank,
skeet,
slag,
slanteye,
slave,
sleaze,
sleazy,
slut,
slutdumper,
slutkiss,
sluts,
smegma,
smut,
smutty,
snatch,
sniper,
snowballing,
snuff,
sodom,
sodomize,
sodomy,
son-of-a-bitch,
souse,
soused,
spac,
sperm,
spic,
spick,
spik,
spiks,
splooge,
sploogemoose,
spooge,
spreadlegs,
spunk,
steamy,
stfu,
stiffy,
stoned,
strapon,
strappado,
strip,
stripclub,
stroke,
stupid,
styledoggy,
suck,
sucked,
sucking,
sucks,
suicidegirls,
sultrywomen,
sumofabiatch,
swastika,
swinger,
t1t,
t1tt1e5,
t1tties,
taintedlove,
tampon,
tard,
tastemy,
tawdry,
teabagging,
teat,
teets,
teez,
terd,
test,
teste,
testee,
testes,
testical,
testicle,
testis,
threesome,
throating,
thrust,
thug,
tiedup,
tightwhite,
tinkle,
tit,
titfuck,
titi,
tits,
titt,
tittie5,
tittiefucker,
titties,
titty,
tittyfuck,
tittyfucker,
tittywank,
titwank,
toke,
tongueina,
toots,
topless,
tosser,
towelhead,
tramp,
tranny,
transsexual,
trashy,
tribadism,
tubgirl,
turd,
tush,
tushy,
tw4t,
twat,
twathead,
twats,
twatty,
twink,
twinkie,
twogirlsonecup,
twunt,
twunter,
ugly,
undies,
undressing,
unwed,
upskirt,
urethraplay,
urinal,
urine,
urophilia,
uterus,
uzi,
v14gra,
v1gra,
vag,
vagina,
valium,
venusmound,
viagra,
vibrator,
violetblue,
violetwand,
virgin,
vixen,
vodka,
vomit,
vorarephilia,
voyeur,
vulgar,
vulva,
w00se,
wad,
wang,
wank,
wanker,
wanky,
wazoo,
wedgie,
weed,
weenie,
weewee,
weiner,
weirdo,
wench,
wetback,
wetdream,
wh0re,
wh0reface,
whitepower,
whitey,
whiz,
whoar,
whoralicious,
whore,
whorealicious,
whored,
whoreface,
whorehopper,
whorehouse,
whores,
whoring,
wigger,
willies,
willy,
womb,
womenrapping,
woody,
wop,
wrappingmen,
wrinkledstarfish,
wtf,
x-rated,
xrated,
xx,
xxx,
yaoi,
yeasty,
yellowshowers,
yiffy,
yobbo,
zoophile,
zoophilia,
