آب کیر,
آبمو پاشیدم,
آبمو,
آبکیر,
ابمو,
ارگاسم,
اوبنه,
برهنه,
بچه باز,
بکنمت,
تجاوز,
تخمی,
جاکش,
جغ,
جغی,
جق,
جقی,
جقیه,
جلق,
جند,
جنده,
حشر,
حشری,
خارکسده,
خارکسه,
خارکونی,
خایه مال,
داف,
دوجنسه,
دودول,
ریدم,
ریدن,
ریدی,
زنتو,
زنیکه,
ساک زدن,
ساک,
سنده,
سوتین,
سوپر,
سکس کردن,
سکس,
سکسی,
سگپدر,
شاشیدم,
شاشیدن,
شرت,
شق کردن,
شهوت,
شهوتی,
شونبول,
عباسی,
فاحشه,
فیلم تجاوز,
فیلم سوپر,
لاشی,
لاپا,
لاپایی,
لخت,
لش,
مادرجنده,
مرگ بر,
مقعد,
منی,
ننت,
ننتو,
نه نه تو,
نه‌نه تو,
هرزه,
همجنس باز,
همجنسباز,
هکر,
هکک,
پتیاره,
پردتو,
پریود,
پستان,
پستون,
پفیوس,
پورن,
پورنو,
چاقال,
چس خور,
چوچول,
کاندم,
کاپوت,
کس دادن,
کس لیس,
کس کردن,
کس کش,
کس,
کسخل,
کسخول,
کسـخل,
کسکش,
کس‌کش,
کص,
کصص,
کصصکش,
کـس,
کــس,
کـــس,
کــــس,
کــــــس,
کـــــــس,
کــــــــس,
کــــــــــس,
کوس,
کون دادن,
کون کردن,
کون,
کونتو,
کونده,
کونکش,
کونی,
کوونی کونت,
کوونی,
کوووس,
کیر,
کیری,
کیون,
کیونی,
گاییدم,
گایییدم,
گاییییدم,
گایییییدم,
گاییییییدم,
گوهی,
